﻿pos_x,pos_y,rotation,side,designator,mpn,pack,footprint,value,mount_type
180.389994,-19.36,-90.0,bottom,D37,,,D_SOD-123,D,smt
85.952494,-55.7,0.0,bottom,D38,,,D_SOD-123,D,smt
217.077494,-115.66,180.0,bottom,D39,,,D_SOD-123,D,smt
121.419994,-147.0175,90.0,bottom,D40,,,D_SOD-123,D,smt
161.269994,-19.37,-90.0,bottom,D41,,,D_SOD-123,D,smt
86.022494,-74.6,0.0,bottom,D42,,,D_SOD-123,D,smt
217.247494,-96.56,180.0,bottom,D43,,,D_SOD-123,D,smt
140.449994,-147.07,90.0,bottom,D44,,,D_SOD-123,D,smt
142.309994,-19.37,-90.0,bottom,D45,,,D_SOD-123,D,smt
85.542494,-93.82,0.0,bottom,D46,,,D_SOD-123,D,smt
217.347494,-77.5,180.0,bottom,D47,,,D_SOD-123,D,smt
159.479994,-147.04,90.0,bottom,D48,,,D_SOD-123,D,smt
123.149994,-19.38,-90.0,bottom,D49,,,D_SOD-123,D,smt
86.289994,-112.79,0.0,bottom,D50,,,D_SOD-123,D,smt
217.069994,-58.41,180.0,bottom,D51,,,D_SOD-123,D,smt
178.509994,-146.9875,90.0,bottom,D52,,,D_SOD-123,D,smt
104.039994,-19.3225,-90.0,bottom,D53,,,D_SOD-123,D,smt
86.249994,-132.02,0.0,bottom,D54,,,D_SOD-123,D,smt
217.007494,-39.41,180.0,bottom,D55,,,D_SOD-123,D,smt
197.609994,-147.1075,90.0,bottom,D56,,,D_SOD-123,D,smt
186.099994,-22.41,180.0,top,MX1,,,SW_Cherry_MX_1.00u_PCB,MX_SW_HS,tht
88.889994,-88.1,-90.0,top,MX10,,,SW_Cherry_MX_1.00u_PCB,MX_SW_HS,tht
213.989994,-83.21,90.0,top,MX11,,,SW_Cherry_MX_1.00u_PCB,MX_SW_HS,tht
153.799994,-144.02,0.0,top,MX12,,,SW_Cherry_MX_1.00u_PCB,MX_SW_HS,tht
128.869994,-22.41,180.0,top,MX13,,,SW_Cherry_MX_1.00u_PCB,MX_SW_HS,tht
88.909994,-107.09,-90.0,top,MX14,,,SW_Cherry_MX_1.00u_PCB,MX_SW_HS,tht
213.989994,-64.135,90.0,top,MX15,,,SW_Cherry_MX_1.00u_PCB,MX_SW_HS,tht
172.799994,-144.02,0.0,top,MX16,,,SW_Cherry_MX_1.00u_PCB,MX_SW_HS,tht
109.769994,-22.41,180.0,top,MX17,,,SW_Cherry_MX_1.00u_PCB,MX_SW_HS,tht
88.949994,-126.23,-90.0,top,MX18,,,SW_Cherry_MX_1.00u_PCB,MX_SW_HS,tht
213.979994,-45.07,90.0,top,MX19,,,SW_Cherry_MX_1.00u_PCB,MX_SW_HS,tht
88.969994,-49.75,-90.0,top,MX2,,,SW_Cherry_MX_1.00u_PCB,MX_SW_HS,tht
191.889994,-144.02,0.0,top,MX20,,,SW_Cherry_MX_1.00u_PCB,MX_SW_HS,tht
213.989994,-121.33,90.0,top,MX3,,,SW_Cherry_MX_1.00u_PCB,MX_SW_HS,tht
115.699994,-144.0,0.0,top,MX4,,,SW_Cherry_MX_1.00u_PCB,MX_SW_HS,tht
166.989994,-22.42,180.0,top,MX5,,,SW_Cherry_MX_1.00u_PCB,MX_SW_HS,tht
88.979994,-68.88,-90.0,top,MX6,,,SW_Cherry_MX_1.00u_PCB,MX_SW_HS,tht
213.989994,-102.27,90.0,top,MX7,,,SW_Cherry_MX_1.00u_PCB,MX_SW_HS,tht
134.749994,-144.02,0.0,top,MX8,,,SW_Cherry_MX_1.00u_PCB,MX_SW_HS,tht
147.939994,-22.41,180.0,top,MX9,,,SW_Cherry_MX_1.00u_PCB,MX_SW_HS,tht
