﻿pos_x,pos_y,rotation,side,designator,mpn,pack,footprint,value,mount_type
95.66,5.141586,0.0,top,,,,f52c6274-cc3d-4463-abc2-16d22dd2afe9,,tht
110.07,5.07,0.0,top,,,,f52c6274-cc3d-4463-abc2-16d22dd2afe9,,tht
81.27,5.051586,0.0,top,,,,f52c6274-cc3d-4463-abc2-16d22dd2afe9,,tht
66.6,5.051586,0.0,top,,,,f52c6274-cc3d-4463-abc2-16d22dd2afe9,,tht
61.81,-32.808414,90.0,bottom,D1,,,D_SOD-123,D,smt
80.86,-70.908414,90.0,bottom,D10,,,D_SOD-123,D,smt
99.91,-70.908414,90.0,bottom,D11,,,D_SOD-123,D,smt
118.96,-70.908414,90.0,bottom,D12,,,D_SOD-123,D,smt
61.81,-89.958414,90.0,bottom,D13,,,D_SOD-123,D,smt
80.86,-89.958414,90.0,bottom,D14,,,D_SOD-123,D,smt
99.91,-89.958414,90.0,bottom,D15,,,D_SOD-123,D,smt
118.96,-89.958414,90.0,bottom,D16,,,D_SOD-123,D,smt
80.86,-32.808414,90.0,bottom,D2,,,D_SOD-123,D,smt
99.91,-32.808414,90.0,bottom,D3,,,D_SOD-123,D,smt
118.96,-32.808414,90.0,bottom,D4,,,D_SOD-123,D,smt
61.81,-51.858414,90.0,bottom,D5,,,D_SOD-123,D,smt
80.86,-51.858414,90.0,bottom,D6,,,D_SOD-123,D,smt
99.91,-51.858414,90.0,bottom,D7,,,D_SOD-123,D,smt
118.96,-51.858414,90.0,bottom,D8,,,D_SOD-123,D,smt
61.81,-70.908414,90.0,bottom,D9,,,D_SOD-123,D,smt
56.73,-29.778414,0.0,top,MX1,,,SW_Cherry_MX_1.00u_PCB,MX_SW_HS,tht
75.78,-67.878414,0.0,top,MX10,,,SW_Cherry_MX_1.00u_PCB,MX_SW_HS,tht
94.83,-67.878414,0.0,top,MX11,,,SW_Cherry_MX_1.00u_PCB,MX_SW_HS,tht
113.88,-67.878414,0.0,top,MX12,,,SW_Cherry_MX_1.00u_PCB,MX_SW_HS,tht
56.73,-86.928414,0.0,top,MX13,,,SW_Cherry_MX_1.00u_PCB,MX_SW_HS,tht
75.78,-86.928414,0.0,top,MX14,,,SW_Cherry_MX_1.00u_PCB,MX_SW_HS,tht
94.83,-86.928414,0.0,top,MX15,,,SW_Cherry_MX_1.00u_PCB,MX_SW_HS,tht
113.88,-86.928414,0.0,top,MX16,,,SW_Cherry_MX_1.00u_PCB,MX_SW_HS,tht
75.78,-29.778414,0.0,top,MX2,,,SW_Cherry_MX_1.00u_PCB,MX_SW_HS,tht
94.83,-29.778414,0.0,top,MX3,,,SW_Cherry_MX_1.00u_PCB,MX_SW_HS,tht
113.88,-29.778414,0.0,top,MX4,,,SW_Cherry_MX_1.00u_PCB,MX_SW_HS,tht
56.73,-48.828414,0.0,top,MX5,,,SW_Cherry_MX_1.00u_PCB,MX_SW_HS,tht
75.78,-48.828414,0.0,top,MX6,,,SW_Cherry_MX_1.00u_PCB,MX_SW_HS,tht
94.83,-48.828414,0.0,top,MX7,,,SW_Cherry_MX_1.00u_PCB,MX_SW_HS,tht
113.88,-48.828414,0.0,top,MX8,,,SW_Cherry_MX_1.00u_PCB,MX_SW_HS,tht
56.73,-67.878414,0.0,top,MX9,,,SW_Cherry_MX_1.00u_PCB,MX_SW_HS,tht
95.21,-113.278414,-90.0,top,U1,,,RaspberryPi_Pico_Common_SMD,Pico,smt
51.4025,5.941586,0.0,top,U2,,,CR2013-MI2120,CR2013-MI2120,tht
