﻿Designator,Quantity,Value,Footprint,Package,MPN,DNP,Mount_Type,Description,Sim.Device,Sim.Pins
", , , ",4,,f52c6274-cc3d-4463-abc2-16d22dd2afe9,,,,tht,,,
"D1, D10, D11, D12, D13, D14, D15, D16, D2, D3, D4, D5, D6, D7, D8, D9",16,D,D_SOD-123,,,,smt,Diode,D,1=K 2=A
"MX1, MX10, MX11, MX12, MX13, MX14, MX15, MX16, MX2, MX3, MX4, MX5, MX6, MX7, MX8, MX9",16,MX_SW_HS,SW_Cherry_MX_1.00u_PCB,,,,tht,"Push button switch, normally open, two pins, 45° tilted, Gateron KS-2P02B01-01 for Cherry MX style switches",,
U1,1,Pico,RaspberryPi_Pico_Common_SMD,,,,smt,,,
U2,1,CR2013-MI2120,CR2013-MI2120,,,,tht,"ILI9341 controller, SPI TFT LCD Display, 9-pin breakout PCB, 4-pin SD card interface, 5V/3.3V",,
